この様式の版数: v1.0,更新日: 2026-06-12,正本ページ: https://fladdict.github.io/ai-dx-portal/roadmap/kpi-design/
層,指標,定義,算出式,観測者(役割),頻度,記録場所,自社の実測値(90日以内に記入)
第1層 健全性,差し戻し率,検証したAI出力のうち差し戻した比率。差し戻し的中率・見逃し重大度と必ず対で見る,差し戻し件数 ÷ 検証件数,設計者(集計)+推進担当(横串確認),月次,検証ログ(様式: 組織・人材編「実行者から検証者・設計者へ」),
第1層 健全性,検証工数比,委任で浮いた工数に対する検証・修正工数の比。1.0以上なら浮いた時間より検証時間が長い,検証・修正工数 ÷ 委任で浮いた粗工数,部門長,月次,検証ログ+工数記録(タイムシート等),
第1層 健全性,検証ログ記録率,検証義務のあるAI出力のうちログに記録された比率。低いままなら他の全指標が信用できない,記録済み検証件数 ÷ 検証義務対象の出力件数,推進担当,月次,検証ログとAI施策台帳の突合表,
第2層 組み込み,業務組み込み率,主要業務のうち判定3テスト(業務フロー記載・停止影響・検証責任)をすべて満たす業務の比率,3テスト全Yesの業務数 ÷ 主要業務数,推進担当,四半期,主要業務一覧(AI施策台帳と対応付け),
第2層 組み込み,職位別・部署別の利用分布,利用率を全社平均ではなく職位・部署別の分布で見る。平均値を単独で報告しない。分布そのものは別表で持ち、本シートの実測値欄には書かない,職位・部署ごとの利用率一覧,推進担当+CHRO,四半期,利用ログまたは社内調査の集計表(分布は別表で持つ),
第3層 成果,処理時間の短縮,対象業務1件あたり処理時間のbefore/after実測差。体感の「速くなった」は採用しない,(移行前の1件あたり処理時間 − 移行後)÷ 移行前,部門長,移行前にbefore値+以後四半期,業務分解ワークシート+AI施策台帳,
第3層 成果,例外解決リード時間,AIで処理できない例外案件の検知から解決までの時間,例外案件の検知〜解決の経過時間(中央値),部門長,月次,例外案件の記録(検証ログの差し戻し理由欄と対応付け),
第3層 成果,純効果,検証コストを引いた後の効果。経営向け報告で「成果」と呼ぶのはこの数字だけ,粗効果(浮く工数×担当者単価)−(検証工数×検証者単価),CFO(集計は経理),四半期,簡易期待値ワークシートの事後実測欄+ポートフォリオ集計1枚,
